605837281618853889	Tue Jun 02 20:43:58 +0000 2015	0	6	RT @littlegebs: Becoming a Minion with our #MinionsBoxes @amazon http://t.co/DQfgOuQ8Al			20793816	1904224	62	13777	Seattle, Washington
605838947126681601	Tue Jun 02 20:50:35 +0000 2015	0	0	@claudette_marqu Welcome to the future! (‚åê‚ñ†_‚ñ†)	605814066347544576		20793816	1904224	62	13777	Seattle, Washington
605840424058511362	Tue Jun 02 20:56:27 +0000 2015	72	84	Bring on the ink! Enter this #AmazonGiveaway for a chance to win @SplatoonNA! https://t.co/ikhwZFBFpv NoPurchNec http://t.co/XB4QcxuBNl			20793816	1904224	62	13777	Seattle, Washington
605844043826749440	Tue Jun 02 21:10:50 +0000 2015	53	29	.@flo_tweet‚Äôs new album ‚ÄòHow Big, How Blue, How Beautiful‚Äô is now available on Amazon! http://t.co/C1eYne7fSp http://t.co/9yFH7Ju65a			20793816	1904224	62	13777	Seattle, Washington
605847099075215360	Tue Jun 02 21:22:59 +0000 2015	41	34	Enter this #AmazonGiveaway for a chance to win a copy of your own! https://t.co/pqOMLjokcM @flo_tweet NoPurcNec http://t.co/LbXQgNpZvr	605844043826749440		20793816	1904224	62	13777	Seattle, Washington
605867549138386948	Tue Jun 02 22:44:14 +0000 2015	86	22	Tune in tomorrow w/ @robdelaney &amp; @SharonHorgan @ 1:30ET for a hilarious live chat about life, love &amp; #CatastropheTV https://t.co/SETamSF9Q0			20793816	1904224	62	13777	Seattle, Washington
605885203412742144	Tue Jun 02 23:54:23 +0000 2015	47	55	Enter for a chance to win this Father's Day gift idea Giveaway https://t.co/1giymPBxt1 NoPurchNec #AmazonGiveaway http://t.co/H8L3MJGC6c			20793816	1904224	62	13777	Seattle, Washington
605888209994674177	Wed Jun 03 00:06:20 +0000 2015	2	0	@fernalfonso Looks like the best delivery of the week!	605886308926365697		20793816	1904224	62	13777	Seattle, Washington
605888246413819904	Wed Jun 03 00:06:29 +0000 2015	0	40	RT @fernalfonso: Tuesday (special @amazon delivery) http://t.co/OLNkPyThxz			20793816	1904224	62	13777	Seattle, Washington
605888765865828352	Wed Jun 03 00:08:33 +0000 2015	1	1	@werunthistown17 Those boots are totally made for walkin‚Äô! Enjoy!	605887251424288768		20793816	1904224	62	13777	Seattle, Washington
605903887631970304	Wed Jun 03 01:08:38 +0000 2015	1	0	@Onion_Mage Thanks Sam! Keep being awesome yourself.	605803257508691969		20793816	1904224	62	13777	Seattle, Washington
605904106301972481	Wed Jun 03 01:09:30 +0000 2015	0	27	RT @bababrandi: Let #MinionBob borrow my eye #MinionsBoxes #Amazon This box brightened my day! üòä http://t.co/juEK99PKPn			20793816	1904224	62	13777	Seattle, Washington
606126062230228993	Wed Jun 03 15:51:29 +0000 2015	34	23	A precious 63% off Bonus Deal of the Day http://t.co/VxMNzjbSxH http://t.co/1M9zDMOgnP			20793816	1904224	62	13777	Seattle, Washington
606147980945670144	Wed Jun 03 17:18:34 +0000 2015	49	55	Who lives in a giveaway under the sea? Enter for a chance to win https://t.co/HguyfxNIqj NoPurchNec #AmazonGiveaway http://t.co/ZuudRQm1Pt			20793816	1904224	62	13777	Seattle, Washington
606153628789948416	Wed Jun 03 17:41:01 +0000 2015	0	11	RT @AmazonVideo: We're live with @robdelaney and @SharonHorgan on #Periscope on life, love and #CatastropheTV! http://t.co/t6KNS3yhlU https‚Ä¶			20793816	1904224	62	13777	Seattle, Washington
606156112870686720	Wed Jun 03 17:50:53 +0000 2015	0	8	RT @AmazonVideo: Thank you for joining @robdelaney &amp; @SharonHorgan on #Periscope! #CatastropheTV airs 6/19 on #Prime. Watch it hard. http:/‚Ä¶			20793816	1904224	62	13777	Seattle, Washington
606161925311987712	Wed Jun 03 18:13:59 +0000 2015	39	39	Enter this #AmazonGiveaway for a chance to win @flo_tweet's new album https://t.co/b17Ow444oh NoPurchNec http://t.co/lTReGftUOA			20793816	1904224	62	13777	Seattle, Washington
606189164149768192	Wed Jun 03 20:02:13 +0000 2015	0	1	@jamespoulter @AmazonUK New baby and smiling boxes?! You're one lucky guy! Congrats on the new addition!	606157663261585408		20793816	1904224	62	13777	Seattle, Washington
606199742482280448	Wed Jun 03 20:44:15 +0000 2015	42	17	Tablets, smartphones, PCs and Macs. #PrimeInstantVideo does it all: http://t.co/j8YIc8HKSr http://t.co/UocMmH6vqg			20793816	1904224	62	13777	Seattle, Washington
606206764837687296	Wed Jun 03 21:12:10 +0000 2015	2	3	@Lovin_Life08 @amazonfire glad to hear that we could kindle a fire in your heart! ‚ù§Ô∏è‚Äç	606199951782080512		20793816	1904224	62	13777	Seattle, Washington
606214522018402304	Wed Jun 03 21:42:59 +0000 2015	0	3114	RT @amazongames: Remember #E3 2003? Follow &amp; RT for a chance to win a PlayStation Portable. #CountdownToE3 http://t.co/ho17SHN4V0 http://t.‚Ä¶			20793816	1904224	62	13777	Seattle, Washington
606216948968488960	Wed Jun 03 21:52:38 +0000 2015	36	27	Mighty No. 9 Signature Edition now available for pre-order! http://t.co/Qb0V9ZQ3vC http://t.co/5tRMUPHxTX			20793816	1904224	62	13777	Seattle, Washington
606245070510112768	Wed Jun 03 23:44:22 +0000 2015	30	30	Give the gift of Amazon Prime for Father‚Äôs Day, and $10 will be donated to @Movember https://t.co/a72hBp6YEX http://t.co/LkPpLfmzpH			20793816	1904224	62	13777	Seattle, Washington
606246419071180800	Wed Jun 03 23:49:44 +0000 2015	63	80	Enter for a chance to win The Witcher: Wild Hunt https://t.co/whht8bTAWw NoPurchNec #AmazonGiveaway http://t.co/l5sxHxQSaQ			20793816	1904224	62	13777	Seattle, Washington
606314533649444865	Thu Jun 04 04:20:24 +0000 2015	67	49	Remote control tarantula. #NOPE http://t.co/NMrGtm5CHL http://t.co/seYQX0u2E8			20793816	1904224	62	13777	Seattle, Washington
606476681579229184	Thu Jun 04 15:04:43 +0000 2015	0	79	RT @Amazon3PSellers: Today is the last day to enter our @TowerPB Sweepstakes. Don't miss your opportunity to win! http://t.co/bXikEuQG32 ht‚Ä¶			20793816	1904224	62	13777	Seattle, Washington
606490695839412225	Thu Jun 04 16:00:24 +0000 2015	0	12	RT @Movember: We've teamed up with @amazon Prime to bring you the perfect Father's Day gift - http://t.co/6YpdeqVbz5			20793816	1904224	62	13777	Seattle, Washington
606508726141505538	Thu Jun 04 17:12:03 +0000 2015	16	10	Deal of the Day: Save up to 65% on Panasonic, Philips Norelco, &amp; Remington shaving &amp; grooming products http://t.co/G2KQ0zxOV3			20793816	1904224	62	13777	Seattle, Washington
606513710128103424	Thu Jun 04 17:31:51 +0000 2015	0	64	RT @chelseymaxwell: Someone was disappointed to discover that the #minionsboxes don't actually contain minions. http://t.co/dQODRYevez			20793816	1904224	62	13777	Seattle, Washington
606523623541735424	Thu Jun 04 18:11:15 +0000 2015	1	1	@rachcosio Congrats, and enjoy your big day!	606486364566069250		20793816	1904224	62	13777	Seattle, Washington
606530931420233729	Thu Jun 04 18:40:17 +0000 2015	118	251	Enter for a chance to win The Witcher: Wild Hunt https://t.co/VEfIsFbxrU NoPurchNec #AmazonGiveaway http://t.co/ql3fny7Vi5			20793816	1904224	62	13777	Seattle, Washington
606544016243490816	Thu Jun 04 19:32:17 +0000 2015	141	63	Remember this? #ThrowbackThursday http://t.co/32Zt8h1dxv http://t.co/xsJD0kj3nJ			20793816	1904224	62	13777	Seattle, Washington
606572149709619200	Thu Jun 04 21:24:04 +0000 2015	0	234	RT @AmazonVideo: #SNEAKPEEK: Catch this scene from tonight's premiere of #Hannibal Season 3! We. Can't. Wait. http://t.co/50TDCvA6TY https‚Ä¶			20793816	1904224	62	13777	Seattle, Washington
606573052219039745	Thu Jun 04 21:27:39 +0000 2015	0	39	RT @amazonmusic: Happy 1st Birthday to Prime Music! Millions are listening, join the party: http://t.co/RcZo5eUrIb #PrimeMusic1Year http://‚Ä¶			20793816	1904224	62	13777	Seattle, Washington
606585755205562368	Thu Jun 04 22:18:08 +0000 2015	161	1504	Follow @Amazon and retweet for a chance to win http://t.co/1Hl8MUoHKK Rules https://t.co/iu7s1uOr8M #AmazonSweeps http://t.co/2Nirrf3f24			20793816	1904224	62	13777	Seattle, Washington
606599353172692993	Thu Jun 04 23:12:10 +0000 2015	0	12	RT @tartemoderne: Whaaaaaat? I'm one very happy @Amazon customer. #minionsboxes #minions #despicableme #beedo #amazonprime http://t.co/3hfp‚Ä¶			20793816	1904224	62	13777	Seattle, Washington
606616710276349954	Fri Jun 05 00:21:08 +0000 2015	45	46	Enter for a chance to win The Spongebob Movie: Sponge Out of Water https://t.co/CX9wVU2lLj #AmazonGiveaway NoPurchNec http://t.co/KxqeJfDeSR			20793816	1904224	62	13777	Seattle, Washington
606649000872153088	Fri Jun 05 02:29:27 +0000 2015	157	86	Remember this? #ThrowbackThursday http://t.co/3YyzAFkc0e http://t.co/an54lml5kv			20793816	1904224	62	13777	Seattle, Washington
606670053484863489	Fri Jun 05 03:53:06 +0000 2015	89	44	Happy 1st Birthday to Prime Music! Millions are listening, join the party: http://t.co/KNtqNisYNp #PrimeMusic1Year http://t.co/HPJapSyk7j			20793816	1904224	62	13777	Seattle, Washington
606852336611377153	Fri Jun 05 15:57:26 +0000 2015	38	65	Bring on the ink! Enter this #AmazonGiveaway for a chance to win @SplatoonNA! https://t.co/yHTgA7jzXw NoPurchNec http://t.co/1NVdSMmHLi			20793816	1904224	62	13777	Seattle, Washington
606852590530347008	Fri Jun 05 15:58:27 +0000 2015	0	35	RT @battleborn: Seen the Battleborn E3 Trailer yet? @amazongames wants to know which hero you‚Äôll play. http://t.co/OR1KkrZyS2 http://t.co/C‚Ä¶			20793816	1904224	62	13777	Seattle, Washington
606859080251142145	Fri Jun 05 16:24:14 +0000 2015	103	54	Celebrate #NationalDonutDay in the pool! http://t.co/rk8rv98SxO http://t.co/ozbh7k1arV			20793816	1904224	62	13777	Seattle, Washington
606891199211962368	Fri Jun 05 18:31:52 +0000 2015	129	46	The only kitchen device you need on #NationalDonutDay http://t.co/2LAioJVouL http://t.co/p9p8pQlbdR			20793816	1904224	62	13777	Seattle, Washington
606916624092930048	Fri Jun 05 20:12:53 +0000 2015	0	52	RT @bobbyw87: I just used Amazon #PrimeNow less than 35 mins from order to delivery! The Future is Now! I'm PrimeNow Hooked! http://t.co/HF‚Ä¶			20793816	1904224	62	13777	Seattle, Washington
606921508783570947	Fri Jun 05 20:32:18 +0000 2015	188	90	Get your daily dose of coffee and donuts #NationalDonutDay http://t.co/8bQvL3AWZY http://t.co/9hDpBXWfcJ			20793816	1904224	62	13777	Seattle, Washington
606927362752716800	Fri Jun 05 20:55:34 +0000 2015	29	17	How much @AmazonVideo HBO can you watch in a day? Try a free month of Amazon Prime to find out http://t.co/ULpY6d4YPV http://t.co/stvHOGATbq			20793816	1904224	62	13777	Seattle, Washington
606943524374904832	Fri Jun 05 21:59:47 +0000 2015	88	57	Fill in the blank: The #1 best donut flavor is _______. #NationalDonutDay http://t.co/EUszFiSHnc			20793816	1904224	62	13777	Seattle, Washington
607949585970020353	Mon Jun 08 16:37:31 +0000 2015	90	75	Friendly reminder: Father‚Äôs Day is only 2 weeks away.			20793816	1904224	62	13777	Seattle, Washington
607953648795152385	Mon Jun 08 16:53:39 +0000 2015	18	7	Looking for a tool for Dad‚Äôs latest fix-it project, or a slick new shaver so he can toss out that one you gave him in 1995?	607949585970020353		20793816	1904224	62	13777	Seattle, Washington
607953745100603393	Mon Jun 08 16:54:02 +0000 2015	16	7	If so, our Father‚Äôs Day Store should have you covered http://t.co/waS5jZZZTd	607953648795152385		20793816	1904224	62	13777	Seattle, Washington
607960149194588160	Mon Jun 08 17:19:29 +0000 2015	0	28	RT @AmazonKindle: 25 books to start your week: http://t.co/8XijQkmPZT #kindle #kindleselect25			20793816	1904224	62	13777	Seattle, Washington
607960762452209664	Mon Jun 08 17:21:55 +0000 2015	34	22	60% off Deal of the Day: @dremel 120-Volt Variable Speed Rotary Kit http://t.co/JiBOHO5NmC http://t.co/o9Zt51fEmV			20793816	1904224	62	13777	Seattle, Washington
607968144314015746	Mon Jun 08 17:51:15 +0000 2015	595	278	A raptor is on the loose in one of our fulfillment centers.... http://t.co/a44d46q6RP			20793816	1904224	62	13777	Seattle, Washington
607972162788589568	Mon Jun 08 18:07:13 +0000 2015	4	0	@youngblood1919 stay tuned...	607968358693281793		20793816	1904224	62	13777	Seattle, Washington
607979978861473792	Mon Jun 08 18:38:17 +0000 2015	29	14	Save $40+ on the world‚Äôs greatest foil shaver! Reply w/ #AmazonCart to add Braun Series 7-790 http://t.co/gXxFLsjbnu http://t.co/2T9eFq0bQF			20793816	1904224	62	13777	Seattle, Washington
607985145832972289	Mon Jun 08 18:58:49 +0000 2015	201	67	It's watching... http://t.co/08vDpsZYVY	607968144314015746		20793816	1904224	62	13777	Seattle, Washington
607987731214540801	Mon Jun 08 19:09:05 +0000 2015	0	26	RT @danccoleman: Look what @amazon is selling now... Furry @Minions #minionsboxes http://t.co/44dro4pj71			20793816	1904224	62	13777	Seattle, Washington
607994693339750400	Mon Jun 08 19:36:45 +0000 2015	44	10	This family's story really blew us away, and we had to share it with you https://t.co/6qUhtxOiKQ http://t.co/JItlmw9Fnb			20793816	1904224	62	13777	Seattle, Washington
608006266254950400	Mon Jun 08 20:22:44 +0000 2015	178	156	Stop what you're doing &amp; enter for a chance to win this raptor https://t.co/IJT4cAspZ2 NoPurchNec. Ends 6/14/15 http://t.co/lgfwfz3JZ2	607968144314015746		20793816	1904224	62	13777	Seattle, Washington
608015281630408704	Mon Jun 08 20:58:34 +0000 2015	0	8	RT @rachelmcrady: Necessary apartment decorations. https://t.co/MYPDgprEj5			20793816	1904224	62	13777	Seattle, Washington
608020455182712833	Mon Jun 08 21:19:07 +0000 2015	19	16	Today only, save up to 70% off classic BBC drama gift sets like Torchwood, As Time Goes By, and Monarch of the Glen http://t.co/XSvx3F6ChU			20793816	1904224	62	13777	Seattle, Washington
608026156214960129	Mon Jun 08 21:41:46 +0000 2015	69	15	It's #NationalBestFriendsDay! Who are some of your favorite famous best friends? We'll share some of our favs throughout the day.			20793816	1904224	62	13777	Seattle, Washington
608027621868359681	Mon Jun 08 21:47:36 +0000 2015	79	38	Two best friends that love to party #NationalBestFriendsDay http://t.co/uu4mh0M7XY http://t.co/vjdAgJDXFT	608026156214960129		20793816	1904224	62	13777	Seattle, Washington
608042219380043776	Mon Jun 08 22:45:36 +0000 2015	101	36	These best friends took on the world, and Mr. Feeny #NationalBestFriendsDay http://t.co/szIi3R9PXz http://t.co/5KoNUyodp7	608026156214960129		20793816	1904224	62	13777	Seattle, Washington
608054033702486016	Mon Jun 08 23:32:33 +0000 2015	41	30	We‚Äôve goat a solution to your lawn problems! No kidding. Get things done with @AmazonServices http://t.co/OzbrtqTdEc https://t.co/giExCjvDvW			20793816	1904224	62	13777	Seattle, Washington
608062483937542144	Tue Jun 09 00:06:08 +0000 2015	542	249	A raptor is on the loose in one of our fulfillment centers.... http://t.co/mjrccMg9al			20793816	1904224	62	13777	Seattle, Washington
608068034792685568	Tue Jun 09 00:28:11 +0000 2015	47	30	Take a #NationalBestFriendsDay selfie using this 58% off Lightning Deal http://t.co/lnrCyhjdl4 (while supplies last) http://t.co/7qPiphxBsU			20793816	1904224	62	13777	Seattle, Washington
608072344180019200	Tue Jun 09 00:45:18 +0000 2015	135	73	Help save the day &amp; enter for a chance to win this 5-ft tall raptor https://t.co/1C6YSi6zi3 Ends 6/14. NoPurchNec http://t.co/q508p2yj0d	608062483937542144		20793816	1904224	62	13777	Seattle, Washington
608303044023996416	Tue Jun 09 16:02:02 +0000 2015	52	23	Today only, enjoy special savings on the crystal edition UE BOOM wireless Bluetooth speaker http://t.co/yfNVKMaVed http://t.co/oD6HO3V32a			20793816	1904224	62	13777	Seattle, Washington
608303867923701760	Tue Jun 09 16:05:18 +0000 2015	58	34	Lightning Deal: 78% off premium portable portable phone charger (while supplies last) http://t.co/kMv1bEfxVv http://t.co/mPt9AKlZi5			20793816	1904224	62	13777	Seattle, Washington
608310501911732224	Tue Jun 09 16:31:40 +0000 2015	38	21	The new @RollingStones album 'Sticky Fingers' is out, &amp; already #1 on our Rock music chart http://t.co/Qxntjtieq5 http://t.co/kRdOFzjmXO			20793816	1904224	62	13777	Seattle, Washington
608317849266974720	Tue Jun 09 17:00:51 +0000 2015	0	103	RT @amazongames: Get an Xbox One, 12m of Live, Turtle Beach XO headset, AC Unity/Black Flag, all for $349.99. http://t.co/onKDF2W3d5 http:/‚Ä¶			20793816	1904224	62	13777	Seattle, Washington
608345961958633472	Tue Jun 09 18:52:34 +0000 2015	37	12	This family's story really blew us away, and we had to share it with you https://t.co/ln9mQ0Cvo9 http://t.co/KtIFVaXXVv			20793816	1904224	62	13777	Seattle, Washington
608362725388001280	Tue Jun 09 19:59:11 +0000 2015	15	4	Strike gold with the 67% off Bonus Deal of the Day http://t.co/omjcrjQ4Pk http://t.co/8XLnUD06Vw			20793816	1904224	62	13777	Seattle, Washington
608363391275683841	Tue Jun 09 20:01:49 +0000 2015	47	36	Lightning Deal: Xbox One, 12m of Live, Turtle Beach headset, AC Unity/Black Flag, for $349.99 http://t.co/O06d46wU99 http://t.co/DPWt6S26K3			20793816	1904224	62	13777	Seattle, Washington
608370635740430338	Tue Jun 09 20:30:37 +0000 2015	664	438	Your package was delivered #4BestWordsEver			20793816	1904224	62	13777	Seattle, Washington
608371092978311169	Tue Jun 09 20:32:26 +0000 2015	3	2	@gnowor Thank YOU for the cutest cat pic! üò∏	608355590553903104		20793816	1904224	62	13777	Seattle, Washington
608385730952470530	Tue Jun 09 21:30:36 +0000 2015	53	17	Today only, enjoy special savings on the crystal edition UE BOOM wireless Bluetooth speaker http://t.co/Ykq57TEa9a http://t.co/WVeYRngrrI			20793816	1904224	62	13777	Seattle, Washington
608403793533923329	Tue Jun 09 22:42:22 +0000 2015	602	324	In case you missed it, a velociraptor is running wild in one of our fulfillment centers, and we need your help... http://t.co/8KxVwjVDJb			20793816	1904224	62	13777	Seattle, Washington
608420484879904768	Tue Jun 09 23:48:42 +0000 2015	242	123	Save our fulfillment center, and enter for a chance to win this raptor https://t.co/RZCiJ8cr9c NoPurchNec. Ends 6/14 http://t.co/3l313ztFNW	608403793533923329		20793816	1904224	62	13777	Seattle, Washington
608670535178973184	Wed Jun 10 16:22:18 +0000 2015	45	27	Pop! Grab one of these 80% off Lightning Deals (while supplies last) http://t.co/aaH1SXRKrE http://t.co/tIZXi7TMAE			20793816	1904224	62	13777	Seattle, Washington
608671218133274625	Wed Jun 10 16:25:01 +0000 2015	26	12	The 55% off Deal of the Day is just in time for grillin' season http://t.co/oeSqnwQb2A http://t.co/niGmWdS6RI			20793816	1904224	62	13777	Seattle, Washington
608671820204662784	Wed Jun 10 16:27:25 +0000 2015	0	13	RT @npchan: Kids having breakfast with Bob #MinionsBoxes http://t.co/0N1agzi2ip			20793816	1904224	62	13777	Seattle, Washington
608678598636093440	Wed Jun 10 16:54:21 +0000 2015	98	45	#InThe90sIThought Free Same-Day Delivery would never be possible. http://t.co/iYXoYBrXdS			20793816	1904224	62	13777	Seattle, Washington
608678780182368256	Wed Jun 10 16:55:04 +0000 2015	0	28	RT @Movember: Give anyone @Amazon Prime until June 21st and $10 will be donated to the #Movember Foundation http://t.co/fFoZk8Mvj6 http://t‚Ä¶			20793816	1904224	62	13777	Seattle, Washington
608687639915581440	Wed Jun 10 17:30:16 +0000 2015	0	48	RT @AmazonKindle: What places are on your travel bucket list? http://t.co/UuOFFqBjDI #haveKINDLEwillTRAVEL #kindle http://t.co/fn6VLabRqR			20793816	1904224	62	13777	Seattle, Washington
608690280297037824	Wed Jun 10 17:40:46 +0000 2015	22	13	BONUS Deal of the Day: Perhaps Dad needs a new watch? http://t.co/8vrfUC3Fed			20793816	1904224	62	13777	Seattle, Washington
608698942910558208	Wed Jun 10 18:15:11 +0000 2015	102	107	Take your selfie game to the next level with The Selfie Toaster http://t.co/BFvIUdXo8i http://t.co/3LfwNvweTq			20793816	1904224	62	13777	Seattle, Washington
608724052388233216	Wed Jun 10 19:54:58 +0000 2015	173	127	Never worry about a sriracha-less meal again http://t.co/PYI8qp11eA http://t.co/mhkTQVchgM			20793816	1904224	62	13777	Seattle, Washington
608753759817216003	Wed Jun 10 21:53:01 +0000 2015	84	39	Arrrr, where's me wine? http://t.co/k7DEBwO1k0 http://t.co/3RAxqyCr8S			20793816	1904224	62	13777	Seattle, Washington
608772709133201408	Wed Jun 10 23:08:18 +0000 2015	38	11	Our summer catalog is a one-stop shop for all of your summer needs http://t.co/G7Pzw2rKc5 http://t.co/AOHWB9PnyK			20793816	1904224	62	13777	Seattle, Washington
608773510136258560	Wed Jun 10 23:11:29 +0000 2015	101	39	Make it rain with this plant watering cloud http://t.co/ODaLRcrY14 http://t.co/qqmEOw2tO3			20793816	1904224	62	13777	Seattle, Washington
608782779040563200	Wed Jun 10 23:48:19 +0000 2015	132	43	Help us settle the debate: team cats? Or team dogs? #PrimePet http://t.co/WIpcfWkR4s			20793816	1904224	62	13777	Seattle, Washington
608794386164555776	Thu Jun 11 00:34:27 +0000 2015	218	90	If you‚Äôre having girl problems I feel bad for you son, I got 99 problems and a raptor in our fulfillment center is one #DinoRap @jimmyfallon	608420484879904768		20793816	1904224	62	13777	Seattle, Washington
609031748815605760	Thu Jun 11 16:17:38 +0000 2015	32	29	Give the gift of Amazon Prime for Father‚Äôs Day, and $10 will be donated to @Movember https://t.co/SzZJNoABjL http://t.co/KBxO7vKRyN			20793816	1904224	62	13777	Seattle, Washington
609033032905949184	Thu Jun 11 16:22:44 +0000 2015	32	22	Deal of the Day: Up to 40% off select memory cards, USB drives, and solid-state drives http://t.co/Jnr5Wr5vGK http://t.co/XcpdUXfbBa			20793816	1904224	62	13777	Seattle, Washington
609043223634440193	Thu Jun 11 17:03:14 +0000 2015	34	23	The Father's Day Store has lots of gift ideas, including the Barbuzzo Beer Hammer http://t.co/phMQlGU71t http://t.co/Vm1HtRFRZH			20793816	1904224	62	13777	Seattle, Washington
609052591067156480	Thu Jun 11 17:40:28 +0000 2015	0	11	RT @meleybug: #MinionsBoxes make getting @amazon boxes even more fun!! http://t.co/0T4FIWmrLj			20793816	1904224	62	13777	Seattle, Washington
609063845278158848	Thu Jun 11 18:25:11 +0000 2015	28	13	Take a picture of today's 29% off Bonus Deal of the Day before it's gone http://t.co/Pr63tu7VUr http://t.co/BXG64WqjCY			20793816	1904224	62	13777	Seattle, Washington
609083403330301953	Thu Jun 11 19:42:54 +0000 2015	59	22	Today we‚Äôll be sharing some classic toys you spent your summer using as a kid #ThrowbackThursday			20793816	1904224	62	13777	Seattle, Washington
609084507526938624	Thu Jun 11 19:47:17 +0000 2015	71	34	First up, the superest way to stay cool in the heat #ThrowbackThursday http://t.co/Lt29CybKnB http://t.co/I8KescFvBk	609083403330301953		20793816	1904224	62	13777	Seattle, Washington
609099851398311936	Thu Jun 11 20:48:15 +0000 2015	56	20	The very best thing about skipping toys is the fact that they contain counters #TBT http://t.co/b5VBl3Vzf6 http://t.co/AmBmCr2uvn	609083403330301953		20793816	1904224	62	13777	Seattle, Washington
609102973923405824	Thu Jun 11 21:00:40 +0000 2015	28	15	You'll want to check out the 40% off Deal of the Day, because it will be gone in a flash http://t.co/5klH1lL8Cp			20793816	1904224	62	13777	Seattle, Washington
609116055856934913	Thu Jun 11 21:52:39 +0000 2015	70	34	When you‚Äôd spend your summer driving around the block, before you had your license #TBT http://t.co/khwdYnLcEn http://t.co/c2eQ0FEi0i	609083403330301953		20793816	1904224	62	13777	Seattle, Washington
609393454364368896	Fri Jun 12 16:14:56 +0000 2015	48	61	Brace yourselves, a 67% off Deal of the Day is coming http://t.co/qUA1ODsCCd http://t.co/wtcF98TnKB			20793816	1904224	62	13777	Seattle, Washington
609414016583208961	Fri Jun 12 17:36:38 +0000 2015	0	76	RT @IMDb: We analyzed IMDb data from the last 3 months to get the top 10 most buzz-about #summermovies: http://t.co/upFU7LLWzT http://t.co/‚Ä¶			20793816	1904224	62	13777	Seattle, Washington
609445748065869824	Fri Jun 12 19:42:43 +0000 2015	51	34	Ride-on electrical toy cars now have luxury versions #FridayVibes http://t.co/ARnK8pcC3X http://t.co/57OzDL40kn	609116055856934913		20793816	1904224	62	13777	Seattle, Washington
609447892634476545	Fri Jun 12 19:51:15 +0000 2015	120	70	Feeling Jurassic? Enter for a chance to win this velociraptor https://t.co/XLvRi9dCvm NoPurchNec. Ends 6/14 http://t.co/T0Q1tpWTnF			20793816	1904224	62	13777	Seattle, Washington
609466203581607936	Fri Jun 12 21:04:00 +0000 2015	52	21	#CatastropheTV is premiering exclusively on our Facebook page on 6/15! Learn more: http://t.co/J31kKEjGbi http://t.co/tRNmyGcpPr			20793816	1904224	62	13777	Seattle, Washington
609706831825383424	Sat Jun 13 13:00:11 +0000 2015	72	26	Think your dog ever wanted to chase squirrels inside the house? Now it can http://t.co/hEJlVpmviL http://t.co/WfSnY9skgX			20793816	1904224	62	13777	Seattle, Washington
609740405597278208	Sat Jun 13 15:13:35 +0000 2015	100	8	@ActuallyNPH, thanks for the reminder. But @amazonprimenow in NYC gives us 2 more days to decide what to get you. hmmm #DecisionsDecisions	609727112346501120		20793816	1904224	62	13777	Seattle, Washington
609740502569631744	Sat Jun 13 15:13:58 +0000 2015	0	1178	RT @ActuallyNPH: My birthday is Monday, so today is your last day to get free shipping with Amazon Prime. Please plan and shop accordingly.‚Ä¶			20793816	1904224	62	13777	Seattle, Washington
609812517485834240	Sat Jun 13 20:00:08 +0000 2015	47	12	It's like bubble wrap for dogs! http://t.co/HI4orYglxO http://t.co/bTvJXIUJkM			20793816	1904224	62	13777	Seattle, Washington
610114516081184768	Sun Jun 14 16:00:10 +0000 2015	18	21	REMINDER: Father‚Äôs Day is one week from today. http://t.co/waS5jZIouD			20793816	1904224	62	13777	Seattle, Washington
610138785242701824	Sun Jun 14 17:36:36 +0000 2015	59	22	We‚Äôre streaming the first episode of #CatastropheTV on Facebook on Monday, yes we‚Äôre serious http://t.co/J31kKEBh2Q https://t.co/8lfoahPujo			20793816	1904224	62	13777	Seattle, Washington
610305555077332992	Mon Jun 15 04:39:17 +0000 2015	0	951	RT @amazongames: Here it is: The #Fallout4 Pip-Boy Edition, coming 11/10/15, for $119.99. PS4 link: http://t.co/eWsI65JvaI http://t.co/V3Wd‚Ä¶			20793816	1904224	62	13777	Seattle, Washington
610305581836963841	Mon Jun 15 04:39:24 +0000 2015	0	106	RT @amazongames: #Fallout4 Pip-Boy Edition for Xbox One: http://t.co/u1fWjGEjGp			20793816	1904224	62	13777	Seattle, Washington
610305592633090048	Mon Jun 15 04:39:26 +0000 2015	0	142	RT @amazongames: #Fallout4 Pip-Boy Edition for PC: http://t.co/QQ5jl3LBX5			20793816	1904224	62	13777	Seattle, Washington
610479310336561153	Mon Jun 15 16:09:44 +0000 2015	146	141	It's here: #Fallout4 Pip-Boy Edition, coming 11/10/15, for $119.99. PS4 link: http://t.co/Zw9jxJXrGP @amazongames http://t.co/dom52eXKv2			20793816	1904224	62	13777	Seattle, Washington
610491734875877376	Mon Jun 15 16:59:06 +0000 2015	17	12	Deal of the Day: 68% off @DEWALTtough 20V MAX Lithium-Ion 4-Tool Combo Kit http://t.co/tsiZmv40i4 http://t.co/EKjNMM41lF			20793816	1904224	62	13777	Seattle, Washington
610495070933008384	Mon Jun 15 17:12:22 +0000 2015	66	38	A 76% off Lightning Deal that will make sure your phone stays charged all summer long http://t.co/ahj0CrjWPb http://t.co/9FEbWqYtCn			20793816	1904224	62	13777	Seattle, Washington
610506420019200000	Mon Jun 15 17:57:27 +0000 2015	56	23	The first episode of #CatastropheTV is premiering on Facebook TODAY at 4PM PST! Learn more: http://t.co/J31kKEjGbi http://t.co/PS4LqXDlm6			20793816	1904224	62	13777	Seattle, Washington
610524215205326848	Mon Jun 15 19:08:10 +0000 2015	0	0	@SamuelAshworth but look at those eyes, it‚Äôs way too cute to return!	610493483028217856		20793816	1904224	62	13777	Seattle, Washington
610535506598825984	Mon Jun 15 19:53:02 +0000 2015	0	21	RT @robdelaney: Grateful 2 b able to heal those damaged by Game of Thrones last night w/ a televisual miracle today: http://t.co/ELKPVhQb8L‚Ä¶			20793816	1904224	62	13777	Seattle, Washington
610543034204319744	Mon Jun 15 20:22:57 +0000 2015	0	27	RT @chloelachance: decided that we'd put all of his minions in his #MinionsBoxes from @amazon üíõüíõüíõ http://t.co/c3kxRfIvCn			20793816	1904224	62	13777	Seattle, Washington
610553747329060865	Mon Jun 15 21:05:31 +0000 2015	60	23	In 2 hours, we‚Äôre screening the 1st episode of #CatastropheTV. Yes, we‚Äôre totally serious: https://t.co/UN2N1jt2RD https://t.co/QxQjg2qska			20793816	1904224	62	13777	Seattle, Washington
610562675379183616	Mon Jun 15 21:41:00 +0000 2015	98	57	Father‚Äôs Day gift idea: Let dad kick back, relax, and let this robot mow his lawn http://t.co/99tke7zmtn http://t.co/jPxCWDfU3r			20793816	1904224	62	13777	Seattle, Washington
610583429558718464	Mon Jun 15 23:03:28 +0000 2015	20	16	Episode 1 of #CatastropheTV is live! Join the screening happening right now on our Facebook page http://t.co/Xxs05ijpfo			20793816	1904224	62	13777	Seattle, Washington
610585462340755458	Mon Jun 15 23:11:33 +0000 2015	6	3	Who's watching? Make sure to tweet to #CatastropheTV stars @robdelaney &amp; @SharonHorgan what you think of the premiere!	610583429558718464		20793816	1904224	62	13777	Seattle, Washington
610586530709667840	Mon Jun 15 23:15:47 +0000 2015	10	2	Rob? https://t.co/cc3cTvu83k			20793816	1904224	62	13777	Seattle, Washington
610588860666486784	Mon Jun 15 23:25:03 +0000 2015	11	4	This is a delicious meal... @robdelaney #CatastropheTV https://t.co/hKwYK3lN9i			20793816	1904224	62	13777	Seattle, Washington
610590260528062465	Mon Jun 15 23:30:36 +0000 2015	1	0	@robdelaney we have a great selection http://t.co/UW3NHWmvaT #CatastropheTV			20793816	1904224	62	13777	Seattle, Washington
610591578881703937	Mon Jun 15 23:35:51 +0000 2015	14	5	Bravo @robdelaney &amp; @SharonHorgan! Bravo! The full episode will be live for 48 hours on Facebook, so enjoy #CatastropheTV while you can!	610583429558718464		20793816	1904224	62	13777	Seattle, Washington
610593478331002882	Mon Jun 15 23:43:24 +0000 2015	77	20	.@ActuallyNPH Special delivery! #HappyBirthday @amazonprimenow http://t.co/qBjz6nFg9o	609727112346501120		20793816	1904224	62	13777	Seattle, Washington
610841915496357888	Tue Jun 16 16:10:36 +0000 2015	0	6	"RT @ColletteWolfe: #CatastropheTV @robdelaney @SharonHorgan ""Morris and Norris. That's appropriately ridiculous"". I. LOVE. IT. CANT WAIT FO‚Ä¶"			20793816	1904224	62	13777	Seattle, Washington
610844084958171136	Tue Jun 16 16:19:13 +0000 2015	34	21	Put your vacuum away, and check out the 33% off Deal of the Day http://t.co/TJo5PcSKgF http://t.co/woNlM846f5			20793816	1904224	62	13777	Seattle, Washington
610844816746786817	Tue Jun 16 16:22:07 +0000 2015	0	21	RT @amazongames: Nintendo Digital Event starts in one minute! Check out all the livestreams and games from Day 1 of E3 here: http://t.co/Yo‚Ä¶			20793816	1904224	62	13777	Seattle, Washington
610851924246552576	Tue Jun 16 16:50:22 +0000 2015	48	16	Watch the premiere episode of @catastrophe_tv yet? Don‚Äôt miss out! http://t.co/b0tgjNWTwG #CatastropheTV http://t.co/PVG4y4EtbY			20793816	1904224	62	13777	Seattle, Washington
610867075964383232	Tue Jun 16 17:50:34 +0000 2015	0	1025	RT @Amazon3PSellers: Follow + RT for a chance to win a HemingWeigh Yoga Mat http://t.co/eNdCN8iXpk http://t.co/srwC3LP7KE #AmazonSweeps htt‚Ä¶			20793816	1904224	62	13777	Seattle, Washington
610875621204492288	Tue Jun 16 18:24:32 +0000 2015	65	20	Father‚Äôs Day gift idea: Batman Diaper Bag, with detachable burp cloth cape http://t.co/VlgUyZZp4W http://t.co/YbTseqihHD			20793816	1904224	62	13777	Seattle, Washington
610889213945466880	Tue Jun 16 19:18:33 +0000 2015	0	13	RT @MountainDew: WHAT UP @DaleJr! #DaleCalls are back! Get yours at the NEW Mtn Dew Store on @Amazon. https://t.co/9NgCVDsbES			20793816	1904224	62	13777	Seattle, Washington
610898317065650177	Tue Jun 16 19:54:43 +0000 2015	0	21	RT @catastrophe_tv: Be a reasonably good person and watch #CatastropheTV now on @Amazon's Facebook page: http://t.co/7VaiYBNhe6 https://t.c‚Ä¶			20793816	1904224	62	13777	Seattle, Washington
610901114930618369	Tue Jun 16 20:05:50 +0000 2015	29	7	Put your vacuum away, and check out the 33% off Deal of the Day http://t.co/ABGWSXVJHL http://t.co/oLudSfU3DY			20793816	1904224	62	13777	Seattle, Washington
610910801105268736	Tue Jun 16 20:44:19 +0000 2015	0	10	RT @torianne00: I've never been so excited about a box before, I love minions!!! #MinionsBoxes thank you Amazon!!!!! http://t.co/F5si7Pi8ot			20793816	1904224	62	13777	Seattle, Washington
610919207451148289	Tue Jun 16 21:17:44 +0000 2015	24	15	Celebrate the graduates in your life and browse gift ideas in the graduation store http://t.co/EZhf2DKlZu http://t.co/8CgE0RmUYo			20793816	1904224	62	13777	Seattle, Washington
610943615385370624	Tue Jun 16 22:54:43 +0000 2015	0	6	RT @KendraFrank91: This looks hysterical. Another homerun! @Amazon_Studios @AmazonVideo @amazon #CatastropheTV #amazon https://t.co/jwkXfl‚Ä¶			20793816	1904224	62	13777	Seattle, Washington
610958077169389568	Tue Jun 16 23:52:11 +0000 2015	30	25	Share your children's love of reading &amp; enter this photo contest for a chance to win #Kindle devices for the family http://t.co/CagY8rNUq1			20793816	1904224	62	13777	Seattle, Washington
610965611640942592	Wed Jun 17 00:22:07 +0000 2015	0	5	RT @bjonesdesigner: Got the @Minions Movie trailer on the tv, @amazon #MinionsBoxes in the front, my little minion too http://t.co/0pAVjikZ‚Ä¶			20793816	1904224	62	13777	Seattle, Washington
611197945850032128	Wed Jun 17 15:45:20 +0000 2015	53	22	Today only, enjoy special savings on select hard drives and networking products. #DOTD http://t.co/LCilXAqoSe http://t.co/nDrmNtGrPh			20793816	1904224	62	13777	Seattle, Washington
611201122171232256	Wed Jun 17 15:57:57 +0000 2015	0	46	RT @AmazonKindle: Introducing the all-new Kindle Paperwhite: http://t.co/8KvFmFGbdI #kindle http://t.co/4aY0Z2tLhh			20793816	1904224	62	13777	Seattle, Washington
611215000376578048	Wed Jun 17 16:53:06 +0000 2015	0	3	RT @AmazonFashion: Deal of the Day ‚Äì 50% off men‚Äôs @ECCOshoes. Get Dad a new pair just in time for Father‚Äôs Day! http://t.co/SehyCC2c8d htt‚Ä¶			20793816	1904224	62	13777	Seattle, Washington
611224442451181568	Wed Jun 17 17:30:37 +0000 2015	24	20	Cats need giveaways too! Enter this Hill's Summer Savings Giveaway https://t.co/w6fv1qSo2e NoPurchNec #AmazonGiveaway http://t.co/IVj4YvDhuT			20793816	1904224	62	13777	Seattle, Washington
611245930466164736	Wed Jun 17 18:56:00 +0000 2015	0	67	"RT @IMDb: Amy Poehler and her voice castmates discuss Inside Out with us in our web series, ""What to Watch."" @PixarInsideOut https://t.co/Q‚Ä¶"			20793816	1904224	62	13777	Seattle, Washington
611249105763979265	Wed Jun 17 19:08:37 +0000 2015	52	32	Father‚Äôs Day Gift Idea: A super apron, for a super dad http://t.co/8WY8DWTCuq http://t.co/jUeQTwzvgk			20793816	1904224	62	13777	Seattle, Washington
611250639763542016	Wed Jun 17 19:14:43 +0000 2015	11	8	Find more gift ideas for dad in the Father's Day Store http://t.co/plzxLFvmTE	611249105763979265		20793816	1904224	62	13777	Seattle, Washington
611253093607546880	Wed Jun 17 19:24:28 +0000 2015	0	10	RT @AmazonVideo: Who says catastrophe can't mean adventure? Watch the #CatastropheTV pilot on FB: http://t.co/4sKRCTxabN https://t.co/Op8YM‚Ä¶			20793816	1904224	62	13777	Seattle, Washington
611259951311360000	Wed Jun 17 19:51:43 +0000 2015	27	13	Auto-sync your selfies from your phone to the cloud with the Prime Photos app http://t.co/FjdmlLZDfp http://t.co/t1VszAbEcL			20793816	1904224	62	13777	Seattle, Washington
611267106211037185	Wed Jun 17 20:20:09 +0000 2015	0	15	RT @TelaChhe: We got our #MinionsBoxes today. Thanks @amazon! http://t.co/LFHEXA6Eeq			20793816	1904224	62	13777	Seattle, Washington
611271773234049024	Wed Jun 17 20:38:42 +0000 2015	0	15	RT @robdelaney: Thanks to the millions of ppl who've watched 1st episode of CATASTROPHE on Facebook. It's up for a few more hours: http://t‚Ä¶			20793816	1904224	62	13777	Seattle, Washington
611283934408765440	Wed Jun 17 21:27:01 +0000 2015	126	1143	Follow @amazon and retweet for a chance to win http://t.co/XGL0joMUmR Rules http://t.co/EAchj7bkMn #AmazonSweeps http://t.co/qildCtw2Nx			20793816	1904224	62	13777	Seattle, Washington
611292302129020929	Wed Jun 17 22:00:16 +0000 2015	16	4	The 1st episode of @catastrophe_tv will be up on our Facebook Page for only 1 more hour. Don't miss it http://t.co/UaqbnqlmnV #CatastropheTV			20793816	1904224	62	13777	Seattle, Washington
611310755254812672	Wed Jun 17 23:13:36 +0000 2015	139	1094	Follow @amazon and retweet for a chance to win http://t.co/7OKRYpz8Fs Rules http://t.co/OurBZonokE #AmazonSweeps http://t.co/QHJJNqkcWz			20793816	1904224	62	13777	Seattle, Washington
611317678058414080	Wed Jun 17 23:41:06 +0000 2015	69	35	Introducing the all-new Kindle Paperwhite: http://t.co/LLpKzk3ThT #Kindle http://t.co/P3EahiJrOh			20793816	1904224	62	13777	Seattle, Washington
611321899466027011	Wed Jun 17 23:57:53 +0000 2015	148	40	.@IGGYAZALEA Amazon Prime is pretty fancy...	611319374851387393		20793816	1904224	62	13777	Seattle, Washington
611321955455758337	Wed Jun 17 23:58:06 +0000 2015	37	23	Share your children's love of reading &amp; enter this photo contest for a chance to win #Kindle devices for the family http://t.co/CagY8rNUq1			20793816	1904224	62	13777	Seattle, Washington
611333867627261953	Thu Jun 18 00:45:26 +0000 2015	33	16	Download the new @washingtonpost app for Android and get 6 free months on your mobile device. http://t.co/7dxPtWRCm9 http://t.co/5M65qjgHT4			20793816	1904224	62	13777	Seattle, Washington
611559882031034369	Thu Jun 18 15:43:32 +0000 2015	17	17	Give the gift of Amazon Prime for Father‚Äôs Day, and $10 will be donated to @Movember https://t.co/jO0VCRsGjg http://t.co/vjGsFqNGTr			20793816	1904224	62	13777	Seattle, Washington
611571761407242240	Thu Jun 18 16:30:45 +0000 2015	2	1	@MarcailM we would be honored!	611290493507350528		20793816	1904224	62	13777	Seattle, Washington
611571849479196672	Thu Jun 18 16:31:06 +0000 2015	0	8	RT @MarcailM: Given its general amazingness and usefulness, I kind of feel like @amazon should be a godparent to the baby when she arrives.			20793816	1904224	62	13777	Seattle, Washington
611572574313689088	Thu Jun 18 16:33:58 +0000 2015	68	59	Need to clean your keyboard? Throw it in the sink! http://t.co/5dw6tHyNBf http://t.co/iRqb9UgGb4			20793816	1904224	62	13777	Seattle, Washington
611574423083204608	Thu Jun 18 16:41:19 +0000 2015	0	21	RT @amazongiveaway: Reactivate your followers on Twitter. Host a giveaway on Amazon today! https://t.co/DuwNiwqAoQ http://t.co/3JCzAjwaS9			20793816	1904224	62	13777	Seattle, Washington
611587967543582720	Thu Jun 18 17:35:08 +0000 2015	47	31	For a limited time, Prime members get a free $10 credit on their first Subscribe &amp; Save order http://t.co/wZ9587hbZ7 http://t.co/qS5cW4RmGP			20793816	1904224	62	13777	Seattle, Washington
611596198856781824	Thu Jun 18 18:07:51 +0000 2015	105	873	Follow @amazon and retweet for a chance to win http://t.co/BMhqGEr7dk Rules http://t.co/leojND6tGx #AmazonSweeps http://t.co/X3WdeN2QqS			20793816	1904224	62	13777	Seattle, Washington
611596214526713857	Thu Jun 18 18:07:55 +0000 2015	55	30	Deal of the day: Over 50% off select Samsung NX300 Mirrorless Cameras http://t.co/pd5SYIgrYA http://t.co/Z5812dmd6L			20793816	1904224	62	13777	Seattle, Washington
611615156766908417	Thu Jun 18 19:23:11 +0000 2015	43	54	Your kids love to read? Enter this contest for a chance to win #Kindle devices for the family http://t.co/CagY8rNUq1 http://t.co/mQG4m0eNIz			20793816	1904224	62	13777	Seattle, Washington
611631617149419521	Thu Jun 18 20:28:35 +0000 2015	0	27	RT @robdelaney: All episodes of @catastrophe_tv premiere tomorrow on @Amazon: http://t.co/gBbD27KpWe https://t.co/Fil08bC064			20793816	1904224	62	13777	Seattle, Washington
611643093016805376	Thu Jun 18 21:14:11 +0000 2015	117	65	Remember how extreme you used to feel eating one of these back in the day? #TBT #CandyMonth http://t.co/Q6EtAp8J9X http://t.co/jrTrbUwLXn			20793816	1904224	62	13777	Seattle, Washington
611649982064685056	Thu Jun 18 21:41:34 +0000 2015	118	1039	Follow @amazon and retweet for a chance to win http://t.co/auUrFtW3oV Rules http://t.co/EAchj7bkMn #AmazonSweeps http://t.co/L5jJbtf43L			20793816	1904224	62	13777	Seattle, Washington
611650608727216128	Thu Jun 18 21:44:03 +0000 2015	0	15	RT @jtorrez: Mama's Minions! #MinionsBoxes http://t.co/1OP0xt0VZI			20793816	1904224	62	13777	Seattle, Washington
611670763159035904	Thu Jun 18 23:04:08 +0000 2015	132	1105	Follow @amazon and retweet for a chance to win http://t.co/brHbUzuAB3 Rules http://t.co/EAchj7bkMn #AmazonSweeps http://t.co/OxA2Xdhx9Z			20793816	1904224	62	13777	Seattle, Washington
611689426872197120	Fri Jun 19 00:18:18 +0000 2015	0	24	RT @AmazonKindle: Branch out with your next read: http://t.co/5BwLjjt90D #haveKINDLEwillTRAVEL http://t.co/oDvdQNamt0			20793816	1904224	62	13777	Seattle, Washington
611715065566199808	Fri Jun 19 02:00:11 +0000 2015	16	33	Give the gift of Amazon Prime for Father‚Äôs Day, and $10 will be donated to @Movember https://t.co/jO0VCRb4UG #FathersDay #AmazonPrime			20793816	1904224	62	13777	Seattle, Washington
611740717417795584	Fri Jun 19 03:42:07 +0000 2015	108	1075	Follow @amazon and retweet for a chance to win http://t.co/xiBLj6JRn7 Rules http://t.co/EAchj6TJnN #AmazonSweeps http://t.co/flrZJUBWeB			20793816	1904224	62	13777	Seattle, Washington
611866050771091456	Fri Jun 19 12:00:09 +0000 2015	22	29	Give the gift of Amazon Prime for Father‚Äôs Day, and $10 will be donated to @Movember https://t.co/jO0VCRb4UG #AmazonPrime #FathersDay			20793816	1904224	62	13777	Seattle, Washington
611922050286948356	Fri Jun 19 15:42:40 +0000 2015	0	19	RT @AmazonVideo: Season 1 of #CatastropheTV is now available on #AmazonPrime! Stream all episodes: http://t.co/kE5GLat5Gf #HappyDance https‚Ä¶			20793816	1904224	62	13777	Seattle, Washington
611922117777494016	Fri Jun 19 15:42:56 +0000 2015	0	159	RT @catastrophe_tv: #CatastropheTV is here! Stream all episodes only on #AmazonPrime: http://t.co/N8hajnb6o7 https://t.co/tCZsFkoNqd			20793816	1904224	62	13777	Seattle, Washington
611925420338884609	Fri Jun 19 15:56:03 +0000 2015	183	1395	Follow @amazon and retweet for a chance to win http://t.co/b5vtgT1sIJ Rules http://t.co/EAchj6TJnN #AmazonSweeps http://t.co/mavct6AFis			20793816	1904224	62	13777	Seattle, Washington
611989231603298304	Fri Jun 19 20:09:37 +0000 2015	32	22	Keep your pup safe and comfortable with the Outward Hound PoochPouch Front Carrier http://t.co/1AO8bzI4jx http://t.co/Cc185SEIqQ			20793816	1904224	62	13777	Seattle, Washington
611989249668182016	Fri Jun 19 20:09:41 +0000 2015	13	14	Hopefully you remembered Father‚Äôs Day is Sunday, but if not, Amazon Same Day Delivery is here to help. http://t.co/I15wRmu4qr			20793816	1904224	62	13777	Seattle, Washington
611999790067351552	Fri Jun 19 20:51:35 +0000 2015	89	813	Follow @amazon and retweet for a chance to win http://t.co/d5MD9jzP8q Rules http://t.co/otoRsxOQnK #AmazonSweeps http://t.co/IfyD2EExCs			20793816	1904224	62	13777	Seattle, Washington
612013536823349249	Fri Jun 19 21:46:12 +0000 2015	87	34	Make sure your dog rides in style with the PupBoost Dog Car Seat http://t.co/oDpb5qiDSo http://t.co/jDXkzWuRX5			20793816	1904224	62	13777	Seattle, Washington
612035220120825856	Fri Jun 19 23:12:22 +0000 2015	68	23	This photo captures the love of reading, will yours? http://t.co/SIFI1UVUg0			20793816	1904224	62	13777	Seattle, Washington
612035545464582145	Fri Jun 19 23:13:39 +0000 2015	37	30	Enter our #SummerReading photo contest for a chance to win Kindle devices for the whole family! http://t.co/CagY8s5vhz NoPurchNec. Ends 6/29	612035220120825856		20793816	1904224	62	13777	Seattle, Washington
612084986905169920	Sat Jun 20 02:30:07 +0000 2015	24	19	Give the gift of Amazon Prime for Father‚Äôs Day, and $10 will be donated to @Movember https://t.co/SzZJNoScbj			20793816	1904224	62	13777	Seattle, Washington
612243534263947268	Sat Jun 20 13:00:08 +0000 2015	13	12	Give the gift of Amazon Prime for Father‚Äôs Day, and $10 will be donated to @Movember https://t.co/SzZJNoScbj #FathersDay			20793816	1904224	62	13777	Seattle, Washington
612296368472788993	Sat Jun 20 16:30:04 +0000 2015	15	14	Looking for a last minute gift for Dad? Check out our collection of Gift Cards http://t.co/BxVtucNn5w			20793816	1904224	62	13777	Seattle, Washington
612356775354875904	Sat Jun 20 20:30:06 +0000 2015	41	18	Introducing Amazon's range of wearable tech http://t.co/rGpE0PakPy http://t.co/w3p99RIYHg			20793816	1904224	62	13777	Seattle, Washington
612394528436195328	Sat Jun 20 23:00:07 +0000 2015	27	29	Give the gift of Amazon Prime for Father‚Äôs Day, and $10 will be donated to @Movember https://t.co/jO0VCRb4UG http://t.co/wiFplBMQsi			20793816	1904224	62	13777	Seattle, Washington
612651239336087552	Sun Jun 21 16:00:12 +0000 2015	81	32	Embarrassing moments and dad jokes aside, you da best. Happy Father's Day! http://t.co/AsynSA8Zgb			20793816	1904224	62	13777	Seattle, Washington
612666324062306304	Sun Jun 21 17:00:09 +0000 2015	119	54	Thanks to the dads who provided us with all the necessary tools needed in life #FathersDay http://t.co/eYH0vpZJjI http://t.co/O53NF3acZI			20793816	1904224	62	13777	Seattle, Washington
